0.000,0.000,500
0.000,0.000,500
0.307,0.790,115.99451667815447
0.349,0.811,73.76410744339228
0.362,0.811,48.894763842225075
0.373,0.813,37.78639318794012
0.330,0.801,81.75941370800138
0.362,0.810,44.451822973787785
0.317,0.797,77.530940271914
0.332,0.808,94.54951293766499
0.353,0.809,12.826721251010895
0.361,0.814,28.31859689205885
0.337,0.804,43.62830816209316
0.359,0.813,19.409492172300816
0.362,0.806,0.11762411892414093
0.339,0.801,38.499911695718765
0.345,0.803,59.14552187919617
0.375,0.816,4.814772963523865
0.362,0.811,0.06746469438076019
0.363,0.813,33.82776916027069
0.353,0.807,0.6108477860689163
0.341,0.801,13.991685390472412
0.358,0.812,8.482554771006107
0.366,0.811,16.74157613515854
0.344,0.804,0.013885244727134705
0.345,0.805,0.33915699273347855
0.350,0.806,0.2844918817281723
0.345,0.805,0.01395002007484436
0.333,0.802,0.011168137192726135
0.340,0.806,0.14264772832393646
0.323,0.799,0.06304740905761719
0.311,0.792,0.017200060188770294
0.346,0.811,0.12043362110853195
0.335,0.806,0.08787474036216736
0.334,0.805,0.23499242961406708
0.337,0.804,0.005414843559265137
0.323,0.802,0.24263211339712143
0.322,0.803,0.05031110346317291
0.322,0.800,0.10160434246063232
0.331,0.802,0.08104632794857025
0.330,0.797,0.06588001549243927
0.321,0.796,0.03326307237148285
0.346,0.808,0.03339183330535889
0.308,0.798,0.1691795289516449
0.313,0.797,0.08991499245166779
0.328,0.805,0.22815635800361633
0.320,0.799,0.0350484624505043
0.314,0.795,0.012810423970222473
0.343,0.809,0.4359225928783417
0.304,0.794,0.03690122067928314
0.334,0.804,0.02309855818748474
0.317,0.804,0.12941275537014008
0.309,0.800,0.0341058224439621
0.341,0.809,0.03784112632274628
0.298,0.792,0.2184388004243374
0.299,0.794,0.18170776963233948
0.321,0.801,0.027550071477890015
0.302,0.792,0.07882203161716461
0.317,0.801,0.31586435437202454
0.315,0.798,0.2485143169760704
0.317,0.799,0.02661001682281494
0.324,0.806,0.07930576801300049
0.297,0.787,0.018829144537448883
0.293,0.791,0.09090560674667358
0.292,0.786,0.23896679282188416
0.307,0.803,0.06108716130256653
0.280,0.791,0.11572917550802231
0.299,0.795,0.16496242582798004
0.284,0.791,0.27721017599105835
0.296,0.796,0.02660086750984192
0.293,0.795,0.01349969208240509
0.290,0.794,0.08041852712631226
0.285,0.794,0.08833596110343933
0.284,0.787,0.029833301901817322
0.292,0.792,0.11539697647094727
0.286,0.792,0.12209483236074448
0.281,0.785,0.1976407915353775
0.273,0.779,0.07520531117916107
0.294,0.798,0.1018582433462143
0.298,0.795,0.14543581008911133
0.294,0.792,0.06951828300952911
0.293,0.786,0.06466750800609589
0.285,0.792,0.023030757904052734
0.272,0.788,0.03780670464038849
0.298,0.798,0.06609472632408142
0.281,0.790,0.08997804671525955
0.289,0.795,0.07399298250675201
0.293,0.797,0.07807010412216187
0.303,0.795,0.020391926169395447
0.288,0.791,0.283050000667572
0.280,0.794,0.10207170248031616
0.261,0.780,0.0027751177549362183
0.260,0.777,0.14743120968341827
0.284,0.796,0.15879321098327637
0.254,0.784,0.0589008629322052
0.261,0.781,0.03583483397960663
0.263,0.786,0.20703130960464478
0.260,0.774,0.08983005583286285
0.283,0.792,0.014470227062702179
0.282,0.787,0.006030400283634663
0.266,0.784,0.04582759737968445
0.255,0.783,0.07223029434680939
0.269,0.789,0.11522780358791351
0.271,0.784,0.21383829414844513
0.273,0.793,0.0223771333694458
0.250,0.783,0.18173882365226746
0.260,0.784,0.08417271077632904
0.253,0.781,0.012237191200256348
0.245,0.781,0.06471335887908936
0.240,0.770,0.05289584398269653
0.259,0.792,0.01578851044178009
0.250,0.781,0.04526972770690918
0.238,0.771,0.02806544303894043
0.242,0.784,0.002635970711708069
0.240,0.779,0.04692983627319336
0.249,0.778,0.03482195734977722
0.257,0.788,0.05867680907249451
0.241,0.782,0.05633457750082016
0.237,0.780,0.08626437187194824
0.250,0.785,0.14292070269584656
0.244,0.774,0.08355484902858734
0.229,0.774,0.060868680477142334
0.230,0.772,0.06626926362514496
0.235,0.773,0.09591346979141235
0.247,0.780,0.02170807123184204
0.232,0.776,0.06173396110534668
0.232,0.776,0.10211843252182007
0.246,0.772,0.01177111268043518
0.254,0.786,0.024644702672958374
0.238,0.781,0.021588779985904694
0.246,0.774,0.030735284090042114
0.238,0.778,0.0008527040481567383
0.241,0.780,0.007300660014152527
0.234,0.773,0.002822011709213257
0.234,0.777,0.09539520740509033
0.235,0.776,0.016960978507995605
0.229,0.774,0.17657770216464996
0.219,0.769,0.078835129737854
0.233,0.774,0.051300108432769775
0.237,0.784,0.025798141956329346
0.239,0.773,0.0048452019691467285
0.243,0.783,0.049165040254592896
0.258,0.789,0.06931545585393906
0.237,0.783,0.015519216656684875
0.233,0.781,0.07393434643745422
0.226,0.768,0.03895029425621033
0.235,0.775,0.1712273359298706
0.243,0.778,0.01947060227394104
0.231,0.773,0.0918910801410675
0.235,0.781,0.08124610781669617
0.239,0.784,0.13465797901153564
0.223,0.766,0.033556342124938965
0.222,0.770,0.035560816526412964
0.237,0.777,0.1220058798789978
0.231,0.772,0.005767703056335449
0.239,0.768,0.04093557596206665
0.224,0.770,0.05634394288063049
0.226,0.774,0.07040256261825562
0.223,0.773,0.07847166061401367
0.211,0.769,0.009353861212730408
0.224,0.774,0.04685531556606293
0.222,0.768,0.08749547600746155
0.208,0.759,0.08918914198875427
0.212,0.769,0.007905244827270508
0.220,0.769,0.14689838886260986
0.224,0.769,0.19492466375231743
0.219,0.768,0.04137319326400757
0.224,0.772,0.0026651620864868164
0.208,0.765,0.0776548683643341
0.219,0.775,0.044814109802246094
0.205,0.759,0.07488813996315002
0.202,0.761,0.16575543582439423
0.213,0.761,0.16971498727798462
0.208,0.765,0.2806198000907898
0.211,0.767,0.035092487931251526
0.205,0.768,0.16425704956054688
0.196,0.761,0.04384681582450867
0.199,0.760,0.14694178104400635
0.196,0.761,0.11532455682754517
0.202,0.765,0.10809433460235596
0.191,0.759,0.011242866516113281
0.200,0.767,0.0025891363620758057
0.213,0.762,0.04991710186004639
0.212,0.772,0.04356890916824341
0.203,0.759,0.1115262508392334
0.220,0.766,0.08642950654029846
0.206,0.771,0.04583987593650818
0.205,0.769,0.16349047422409058
0.202,0.764,0.034124985337257385
0.226,0.775,0.03599202632904053
0.205,0.768,0.1676931083202362
0.208,0.772,0.07677614688873291
0.211,0.769,0.02068731188774109
0.203,0.771,0.023573100566864014
0.196,0.763,0.17215591669082642
0.195,0.765,0.11947929859161377
0.195,0.763,0.0019077062606811523
0.204,0.764,0.025188982486724854
0.207,0.766,0.06079816818237305
0.212,0.764,0.2311631441116333
0.194,0.764,0.053478628396987915
0.203,0.762,0.07526999711990356
0.205,0.764,0.09050080180168152
0.195,0.761,0.03822031617164612
0.199,0.759,0.08638347685337067
0.209,0.770,0.015647053718566895
0.208,0.772,0.003677070140838623
0.202,0.763,0.02590036392211914
0.188,0.761,0.05070212483406067
0.200,0.765,0.07302859425544739
0.208,0.765,0.06195706129074097
0.193,0.768,0.011968433856964111
0.196,0.759,0.033319711685180664
0.186,0.763,0.10678446292877197
0.189,0.761,0.06682127714157104
0.197,0.766,0.06331050395965576
0.186,0.762,0.00881803035736084
0.179,0.756,0.16103768348693848
0.186,0.757,0.08365115523338318
0.185,0.764,0.028773784637451172
0.177,0.761,0.0004564523696899414
0.189,0.761,0.004902660846710205
0.194,0.772,0.049797236919403076
0.188,0.765,0.05740213394165039
0.178,0.754,0.11593341827392578
0.191,0.766,0.06173226237297058
0.185,0.757,0.012525498867034912
0.184,0.761,0.0351596474647522
0.183,0.762,0.17150527238845825
0.179,0.753,0.028585731983184814
0.176,0.763,0.010150730609893799
0.176,0.756,0.025146059691905975
0.181,0.765,0.028577208518981934
0.175,0.758,0.024509310722351074
0.164,0.751,0.10468560457229614
0.179,0.759,0.03685474395751953
0.171,0.756,0.010603368282318115
0.167,0.760,0.15544593334197998
0.171,0.759,0.039595723152160645
0.164,0.753,0.04773569107055664
0.176,0.761,0.07657802104949951
0.161,0.752,0.07182860374450684
0.168,0.756,0.015802979469299316
0.171,0.752,0.0035467147827148438
0.179,0.765,0.019518256187438965
0.173,0.752,0.0656086802482605
0.159,0.752,0.18829357624053955
0.175,0.757,0.046816468238830566
0.180,0.766,0.16573220491409302
0.176,0.763,0.12152254581451416
0.178,0.759,0.07382345199584961
0.184,0.764,0.03247755765914917
0.176,0.761,0.0591275691986084
0.180,0.761,0.05388927459716797
0.191,0.765,0.09219259023666382
0.168,0.755,0.16005939245224
0.179,0.760,0.03884801268577576
0.184,0.753,0.023443520069122314
0.185,0.757,0.050647735595703125
0.187,0.761,0.15715907514095306
0.185,0.764,0.09856244921684265
0.177,0.759,0.04591679573059082
0.184,0.763,0.019297853112220764
0.178,0.758,0.10296773910522461
0.186,0.768,0.04372817277908325
0.184,0.760,0.0018872618675231934
0.190,0.761,0.008681118488311768
0.186,0.759,0.01284325122833252
0.184,0.761,0.0214536190032959
0.174,0.758,0.009800732135772705
0.182,0.762,0.015141725540161133
0.177,0.762,0.15657061338424683
0.186,0.763,0.1717587411403656
0.183,0.763,0.008102238178253174
0.180,0.757,0.07872092723846436
0.183,0.755,0.04839262366294861
0.189,0.767,0.058300673961639404
0.185,0.760,0.053320467472076416
0.190,0.764,0.031700074672698975
0.187,0.767,0.06928771734237671
0.189,0.759,0.038388729095458984
0.188,0.758,0.11658638715744019
0.188,0.769,0.01827371120452881
0.185,0.765,0.1130063533782959
0.187,0.766,0.25104662775993347
0.183,0.759,0.008958578109741211
0.189,0.756,0.11167371273040771
0.187,0.761,0.1967172622680664
0.180,0.764,0.21639829874038696
0.187,0.763,0.08890849351882935
0.189,0.766,0.035993218421936035
0.181,0.757,0.021776646375656128
0.178,0.764,0.28660595417022705
0.186,0.757,0.12568950653076172
0.183,0.763,0.015948474407196045
0.183,0.764,0.028712809085845947
0.184,0.764,0.10542231798171997
0.185,0.764,0.02342325448989868
0.181,0.757,0.031880319118499756
0.180,0.762,0.21038958430290222
0.179,0.758,0.020685791969299316
0.187,0.761,0.18311452865600586
0.187,0.758,0.025774210691452026
0.183,0.764,0.053062379360198975
0.179,0.761,0.04683533310890198
0.182,0.759,0.008988916873931885
0.184,0.761,0.1131034791469574
0.178,0.758,0.030771911144256592
0.186,0.764,0.1466708481311798
0.175,0.759,0.1645784080028534
0.177,0.757,0.09195557236671448
0.170,0.754,0.1588204801082611
0.176,0.757,0.10743570327758789
0.171,0.759,0.028307318687438965
0.177,0.763,0.021694660186767578
0.180,0.764,0.10722467303276062
0.177,0.756,0.037399113178253174
0.178,0.757,0.07762306928634644
0.175,0.761,0.010547101497650146
0.181,0.762,0.04680746793746948
0.179,0.761,0.027826130390167236
0.176,0.757,0.004892587661743164
0.175,0.759,0.12253367900848389
0.172,0.757,0.002091526985168457
0.190,0.761,0.037934184074401855
0.172,0.753,0.09592892229557037
0.180,0.762,0.16461017727851868
0.177,0.759,0.06303729116916656
0.176,0.758,0.21003693342208862
0.184,0.760,0.12818437814712524
0.176,0.759,0.19474630057811737
0.173,0.762,0.03982585668563843
0.177,0.760,0.020897507667541504
0.180,0.759,0.018478602170944214
0.181,0.758,0.03397548198699951
0.184,0.758,0.17236453294754028
0.193,0.761,0.004073679447174072
0.182,0.755,0.07316046953201294
0.184,0.758,0.056786179542541504
0.185,0.760,0.1377197504043579
0.182,0.760,0.009979069232940674
0.185,0.764,0.16152888536453247
0.177,0.755,0.20119214057922363
0.190,0.764,0.15918171405792236
0.177,0.754,0.15322327613830566
0.174,0.756,0.07347375154495239
0.171,0.751,0.057037949562072754
0.173,0.755,0.10149216651916504
0.175,0.763,0.08362182974815369
0.163,0.749,0.1371924877166748
0.178,0.758,0.04729801416397095
0.166,0.752,0.13607478141784668
0.178,0.761,0.164678156375885
0.180,0.757,0.13465404510498047
0.178,0.756,0.16454094648361206
0.173,0.759,0.045461416244506836
0.171,0.760,0.07945013046264648
0.187,0.763,0.03615489602088928
0.182,0.764,0.03732737898826599
0.179,0.760,0.03087228536605835
0.180,0.760,0.0038164854049682617
0.172,0.756,0.21419000625610352
0.174,0.759,0.09812718629837036
0.181,0.756,0.159859299659729
0.173,0.758,0.02364903688430786
0.165,0.749,0.03521597385406494
0.179,0.761,0.031414568424224854
0.169,0.752,0.07115715742111206
0.171,0.753,0.12544137239456177
0.180,0.756,0.25208616256713867
0.179,0.757,0.04097229242324829
0.182,0.763,0.12296688556671143
0.177,0.760,0.06697165966033936
0.187,0.766,0.1302209496498108
0.182,0.761,0.18105117976665497
0.187,0.761,0.0358085036277771
0.180,0.759,0.050769269466400146
0.192,0.767,0.05282512307167053
0.179,0.754,0.15297037363052368
0.190,0.759,0.04404568672180176
0.182,0.758,0.022519946098327637
0.183,0.758,0.0852615237236023
0.184,0.760,0.1582912802696228
0.193,0.763,0.02331465482711792
0.191,0.756,0.14060574769973755
0.200,0.759,0.12638437747955322
0.188,0.762,0.0068732500076293945
0.188,0.761,0.03500479459762573
0.183,0.762,0.13519299030303955
0.183,0.758,0.013124227523803711
0.193,0.765,0.02029240131378174
0.183,0.761,0.12888431549072266
0.179,0.761,0.08427447080612183
0.177,0.758,0.03888082504272461
0.183,0.759,0.06580226868391037
0.185,0.758,0.009435951709747314
0.186,0.760,0.02867227792739868
0.181,0.758,0.07531559467315674
0.182,0.757,0.06310617923736572
0.182,0.765,0.09523868560791016
0.188,0.760,0.18353968858718872
0.186,0.763,0.10583746433258057
0.183,0.758,0.019304364919662476
0.174,0.756,0.06405508518218994
0.186,0.765,0.12220895290374756
0.179,0.756,0.11014002561569214
0.198,0.766,0.05752316117286682
0.191,0.764,0.09651905298233032
0.185,0.759,0.07353883981704712
0.191,0.767,0.02172720432281494
0.189,0.758,0.04255327582359314
0.183,0.758,0.009358525276184082
0.182,0.760,0.011463701725006104
0.181,0.760,0.09015458822250366
0.180,0.755,0.19385582208633423
0.180,0.761,0.06087487190961838
0.186,0.761,0.20296692848205566
0.177,0.753,0.006906479597091675
0.181,0.754,0.022883206605911255
0.189,0.766,0.16677924990653992
0.188,0.762,0.015013933181762695
0.194,0.766,0.04268014430999756
0.180,0.754,0.028216898441314697
0.187,0.761,0.0660453736782074
0.177,0.755,0.05291813611984253
0.177,0.756,0.053291916847229004
0.189,0.761,0.08763265609741211
0.178,0.758,0.05131155252456665
0.181,0.756,0.00992533192038536
0.175,0.755,0.13722068071365356
0.184,0.767,0.039272308349609375
0.194,0.763,0.1252281665802002
0.191,0.762,0.09776635468006134
0.183,0.758,0.033395230770111084
0.184,0.762,0.05245083570480347
0.180,0.758,0.012015014886856079
0.186,0.759,0.15451645851135254
0.175,0.757,0.20282024145126343
0.189,0.760,0.2611972987651825
0.185,0.760,0.1551753580570221
0.178,0.758,0.21394795179367065
0.187,0.764,0.034446731209754944
0.176,0.756,0.12806636095046997
0.175,0.755,0.03546273708343506
0.169,0.754,0.20527207851409912
0.164,0.754,0.0028747916221618652
0.178,0.761,0.15043699741363525
0.170,0.753,0.10083150863647461
0.182,0.764,0.09162485599517822
0.170,0.752,0.04694059491157532
0.174,0.756,0.053497135639190674
0.166,0.755,0.03355279564857483
0.172,0.754,0.06317281723022461
0.188,0.763,0.2133120894432068
0.180,0.759,0.07207900285720825
0.174,0.762,0.01456373929977417
0.180,0.759,0.27333641052246094
0.175,0.758,0.03527742624282837
0.174,0.759,0.06231965124607086
0.188,0.769,0.012261807918548584
0.187,0.763,0.13109534978866577
0.176,0.758,0.0038336217403411865
0.174,0.754,0.06589013338088989
0.179,0.763,0.10790306329727173
0.188,0.764,0.03161907196044922
0.178,0.757,0.13379991054534912
0.167,0.751,0.1819409728050232
0.170,0.756,0.04152792692184448
0.180,0.758,0.07164108753204346
0.170,0.756,0.026354864239692688
0.175,0.759,0.012888342142105103
0.174,0.759,0.20023152232170105
0.171,0.759,0.0006723478436470032
0.172,0.754,0.20802605152130127
0.184,0.763,0.05763712525367737
0.179,0.760,0.2254229485988617
0.180,0.755,0.03322756290435791
0.173,0.751,0.030533432960510254
0.183,0.761,0.024667613208293915
0.183,0.760,0.16971999406814575
0.181,0.759,0.1164463460445404
0.177,0.759,0.044464111328125
0.176,0.756,0.003849029541015625
0.174,0.752,0.22319966554641724
0.189,0.761,0.287617564201355
0.183,0.763,0.11644923686981201
0.181,0.758,0.06255030632019043
0.172,0.759,0.029175281524658203
0.176,0.752,0.049300968647003174
0.175,0.756,0.10302644968032837
0.173,0.756,0.11004950106143951
0.168,0.750,0.04688894748687744
0.173,0.753,0.0566025972366333
0.180,0.759,0.0670364499092102
0.178,0.755,0.01348114013671875
0.171,0.755,0.04388999938964844
0.180,0.760,0.0826578438282013
0.172,0.757,0.25307779014110565
0.181,0.762,0.1324528455734253
0.182,0.759,0.12903481721878052
0.177,0.764,0.31358426809310913
0.176,0.756,0.07451736927032471
0.182,0.756,0.06158900260925293
0.178,0.756,0.11719641089439392
0.179,0.757,0.050570666790008545
0.176,0.754,0.031420379877090454
0.171,0.757,0.09169018268585205
0.183,0.764,0.08627945184707642
0.174,0.756,0.043611347675323486
0.177,0.757,0.03106790781021118
0.175,0.761,0.013768613338470459
0.173,0.753,0.004481405019760132
0.176,0.760,0.1086169183254242
0.178,0.764,0.007202625274658203
0.178,0.759,0.11145240068435669
0.172,0.755,0.09791940450668335
0.163,0.756,0.13459521532058716
0.178,0.759,0.04467758536338806
0.165,0.756,0.18940353393554688
0.168,0.755,0.26509779691696167
0.171,0.755,0.09551173448562622
0.167,0.755,0.10500523447990417
0.172,0.763,0.1771593689918518
0.173,0.761,0.08682399988174438
0.173,0.760,0.17902982234954834
0.169,0.754,0.024632394313812256
0.170,0.757,0.02459205687046051
0.172,0.751,0.06832444667816162
0.175,0.757,0.032186925411224365
0.167,0.756,0.07672065496444702
0.169,0.754,0.02136760950088501
0.178,0.756,0.13551205396652222
0.167,0.755,0.1423051357269287
0.173,0.760,0.10742694139480591
0.166,0.758,0.02778935432434082
0.170,0.753,0.0678185224533081
0.169,0.759,0.023586392402648926
0.173,0.756,0.03731197118759155
0.173,0.759,0.20115375518798828
0.167,0.750,0.0694074034690857
0.180,0.759,0.031199872493743896
0.172,0.760,0.03473508358001709
0.175,0.758,0.03534752130508423
0.173,0.758,0.09790271520614624
0.168,0.754,0.1139734536409378
0.168,0.756,0.16644054651260376
0.165,0.753,0.055937111377716064
0.175,0.756,0.09002524614334106
0.172,0.754,0.013023525476455688
0.175,0.761,0.20054513216018677
0.166,0.757,0.03192257881164551
0.165,0.752,0.006933927536010742
0.162,0.753,0.020962059497833252
0.164,0.753,0.0002720952033996582
0.177,0.759,0.0018929541110992432
0.178,0.754,0.12889766693115234
0.167,0.756,0.14935603737831116
0.183,0.764,0.02903062105178833
0.179,0.755,0.0023640990257263184
0.185,0.764,0.04643931984901428
0.173,0.756,0.0322033166885376
0.182,0.756,0.045143187046051025
0.176,0.757,0.021572649478912354
0.188,0.762,0.04587218165397644
0.187,0.761,0.08888846635818481
0.189,0.762,0.12338042259216309
0.183,0.761,0.21136409044265747
0.181,0.756,0.0659746527671814
0.185,0.758,0.01623600721359253
0.188,0.757,0.0027953386306762695
0.191,0.757,0.05923295021057129
0.199,0.760,0.004899263381958008
0.196,0.766,0.026197820901870728
0.192,0.764,0.07521843910217285
0.187,0.765,0.06898561120033264
0.186,0.760,0.08691483736038208
0.180,0.761,0.005745112895965576
0.177,0.756,0.12421557307243347
0.177,0.757,0.08653441071510315
0.181,0.758,0.032869577407836914
0.184,0.759,0.12432950735092163
0.181,0.759,0.007208883762359619
0.181,0.756,0.03341186046600342
0.194,0.759,0.09119611978530884
0.188,0.759,0.12316876649856567
0.185,0.764,0.007974565029144287
0.184,0.761,0.13538241386413574
0.180,0.760,0.120676189661026
0.183,0.758,0.06253182888031006
0.192,0.762,0.03170740604400635
0.183,0.759,0.03381618857383728
0.178,0.753,0.1320897936820984
0.187,0.762,0.018717974424362183
0.185,0.757,0.07636862993240356
0.180,0.756,0.10287714004516602
0.182,0.758,0.09092986583709717
0.185,0.761,0.043740272521972656
0.185,0.760,0.014311015605926514
0.174,0.757,0.22647476196289062
0.182,0.761,0.052221477031707764
0.191,0.764,0.13791358470916748
0.187,0.757,0.1660098135471344
0.186,0.759,0.09569475054740906
0.196,0.759,0.2875520586967468
0.190,0.763,0.03274869918823242
0.185,0.758,0.05027037858963013
0.180,0.755,0.006384938955307007
0.188,0.759,0.12034940719604492
0.197,0.767,0.0007948875427246094
0.180,0.756,0.06888604164123535
0.195,0.760,0.010242760181427002
0.195,0.766,0.022221863269805908
0.196,0.766,0.058674365282058716
0.187,0.756,0.008399903774261475
0.188,0.762,0.007303178310394287
0.192,0.761,0.1694660782814026
0.181,0.760,0.005069375038146973
0.186,0.762,0.03280705213546753
0.182,0.761,0.044372498989105225
0.179,0.761,0.10875451564788818
0.181,0.758,0.04346156120300293
0.184,0.757,0.008925557136535645
0.173,0.760,0.07328444719314575
0.172,0.757,0.00472751259803772
0.182,0.759,0.10612714290618896
0.175,0.753,0.08635208010673523
0.182,0.761,0.012633085250854492
0.184,0.757,0.013122498989105225
0.183,0.764,0.029724419116973877
0.166,0.755,0.005679726600646973
0.173,0.756,0.08249853551387787
0.170,0.753,0.058763861656188965
0.184,0.767,0.06388673186302185
0.171,0.755,0.0921010971069336
0.165,0.754,0.16647416353225708
0.174,0.758,0.08487248420715332
0.172,0.757,0.16217917203903198
0.171,0.755,0.004159331321716309
0.176,0.756,0.06648808717727661
0.179,0.761,0.07597792148590088
0.168,0.756,0.02752530574798584
0.173,0.761,0.06170099973678589
0.174,0.756,0.0024364590644836426
0.174,0.753,0.0030080080032348633
0.175,0.753,0.0160769522190094
0.180,0.760,0.016876861453056335
0.179,0.760,0.11061689257621765
0.178,0.757,0.10889089107513428
0.184,0.758,0.07213039696216583
0.189,0.760,0.009125381708145142
0.185,0.752,0.0901484489440918
0.188,0.759,0.019375324249267578
0.191,0.759,0.06602579355239868
0.189,0.763,0.05492132902145386
0.205,0.766,0.0017578601837158203
0.192,0.761,0.010586559772491455
0.193,0.762,0.08805860579013824
0.198,0.765,0.03911089897155762
0.191,0.756,0.014947652816772461
0.181,0.758,0.03323937952518463
0.197,0.758,0.01683938503265381
0.207,0.767,0.061324477195739746
0.193,0.761,0.0437396764755249
0.191,0.756,0.04471278190612793
0.184,0.759,0.005781307816505432
0.187,0.761,0.08767646551132202
0.193,0.759,0.07991743087768555
0.196,0.759,0.06499525904655457
0.199,0.764,0.03687199950218201
0.190,0.762,0.1024397611618042
0.198,0.767,0.0973016619682312
0.207,0.761,0.05610162019729614
0.197,0.760,0.08321487903594971
0.212,0.766,0.03305321931838989
0.198,0.761,0.022344231605529785
0.191,0.761,0.016527771949768066
0.208,0.764,0.05532503128051758
0.203,0.763,0.012997210025787354
0.221,0.770,0.05837436020374298
0.212,0.768,0.04110598564147949
0.210,0.766,0.08579295873641968
0.206,0.761,0.06118202209472656
0.189,0.759,0.020614445209503174
0.186,0.756,0.09618717432022095
0.196,0.762,0.014282643795013428
0.202,0.763,0.09384334087371826
0.208,0.764,0.11110204458236694
0.203,0.757,0.0828208327293396
0.207,0.766,0.02945459634065628
0.204,0.760,0.036678850650787354
0.201,0.764,0.012369155883789062
0.207,0.764,0.089211106300354
0.216,0.767,0.008146733045578003
0.204,0.762,0.006209254264831543
0.203,0.762,0.055915623903274536
0.190,0.762,0.051747143268585205
0.201,0.760,0.05636632442474365
0.196,0.762,0.039446502923965454
0.191,0.762,0.10105207562446594
0.201,0.768,0.04991169273853302
0.187,0.759,0.0023350119590759277
0.184,0.756,0.01389223337173462
0.194,0.765,0.052452147006988525
0.174,0.754,0.06906336545944214
0.188,0.759,0.11058270931243896
0.192,0.760,0.022384077310562134
0.193,0.761,0.11822926998138428
0.179,0.760,0.21089816093444824
0.197,0.761,0.06910300254821777
0.180,0.756,0.0038423240184783936
0.200,0.761,0.029343008995056152
0.200,0.768,0.12082380056381226
0.191,0.761,0.03149658441543579
0.197,0.761,0.1580306813120842
0.192,0.764,0.00746116042137146
0.191,0.761,0.028696149587631226
0.209,0.771,0.016941875219345093
0.196,0.758,0.011216014623641968
0.201,0.764,0.04400935769081116
0.201,0.766,0.032628871500492096
0.184,0.758,0.08913540840148926
0.188,0.756,0.13817691802978516
0.184,0.763,0.09904754161834717
0.203,0.759,0.09553259611129761
0.186,0.761,0.06942546367645264
0.195,0.761,0.012757480144500732
0.192,0.759,0.028838038444519043
0.188,0.761,0.10637718439102173
0.189,0.762,0.06049808859825134
0.189,0.761,0.10689041018486023
0.184,0.754,0.10356152057647705
0.191,0.766,0.11460959911346436
0.180,0.757,0.0653114914894104
0.184,0.761,0.12284857034683228
0.184,0.754,0.12589484453201294
0.182,0.752,0.08225715160369873
0.185,0.757,0.018236353993415833
0.172,0.754,0.035204946994781494
0.178,0.755,0.14804700016975403
0.182,0.754,0.037957608699798584
0.177,0.757,0.10088855028152466
0.179,0.761,0.06039908528327942
0.192,0.764,0.1302310824394226
0.185,0.757,0.17726454138755798
0.179,0.761,0.051013559103012085
0.194,0.763,0.147617369890213
0.185,0.757,0.17670365422964096
0.189,0.756,0.025745034217834473
0.195,0.766,0.005080223083496094
0.197,0.759,0.004021167755126953
0.188,0.764,0.04133272171020508
0.204,0.761,0.0008350014686584473
0.200,0.765,0.0863485336303711
0.199,0.769,0.05331173539161682
0.191,0.766,0.030963242053985596
0.197,0.764,0.11172935366630554
0.192,0.758,0.13422447443008423
0.189,0.757,0.04268161952495575
0.181,0.752,0.04449039697647095
0.188,0.757,0.16329777240753174
0.182,0.758,0.014971017837524414
0.184,0.760,0.00782477855682373
0.189,0.756,0.03574308753013611
0.181,0.760,0.04589223861694336
0.188,0.761,0.10787826776504517
0.183,0.760,0.031194329261779785
0.190,0.762,0.020066797733306885
0.175,0.752,0.023783862590789795
0.181,0.757,0.006926581263542175
0.185,0.758,0.0024660825729370117
0.194,0.765,0.004575252532958984
0.192,0.759,0.0714302659034729
0.193,0.759,0.01949363946914673
0.201,0.767,0.0804286003112793
0.181,0.759,0.04021066427230835
0.193,0.763,0.026890218257904053
0.182,0.755,0.01763296127319336
0.200,0.766,0.05808734893798828
0.200,0.760,0.019214719533920288
0.185,0.765,0.07714757323265076
0.191,0.759,0.10540097951889038
0.194,0.759,0.018043845891952515
0.181,0.759,0.07956129312515259
0.185,0.761,0.04802513122558594
0.203,0.768,0.09449207782745361
0.202,0.772,0.030796140432357788
0.186,0.756,0.10535120964050293
0.190,0.757,0.08231852948665619
0.189,0.762,0.03409743309020996
0.188,0.761,0.053172945976257324
0.184,0.761,0.08653554320335388
0.177,0.758,0.04789525270462036
0.186,0.760,0.035466790199279785
0.180,0.759,0.15223342180252075
0.179,0.758,0.19629228115081787
0.180,0.757,0.0807654857635498
0.181,0.760,0.010732084512710571
0.179,0.758,0.08727657794952393
0.196,0.762,0.043022096157073975
0.187,0.760,0.09472271800041199
0.184,0.761,0.042440831661224365
0.179,0.756,0.05518519878387451
0.183,0.758,0.06175684928894043
0.169,0.754,0.005085498094558716
0.178,0.756,0.013489902019500732
0.178,0.756,0.02969132363796234
0.187,0.761,0.1198718249797821
0.184,0.762,0.01621413230895996
0.186,0.758,0.02155163884162903
0.179,0.756,0.03335517644882202
0.188,0.761,0.04110926389694214
0.179,0.755,0.09690850973129272
0.176,0.753,0.054205089807510376
0.184,0.758,0.017485275864601135
0.167,0.754,0.019044697284698486
0.182,0.756,0.013569533824920654
0.174,0.759,0.09704804420471191
0.186,0.759,0.0239047110080719
0.170,0.752,0.014944732189178467
0.169,0.755,0.08604834973812103
0.182,0.762,0.05594566464424133
0.178,0.760,0.05319494009017944
0.179,0.756,0.08099997043609619
0.174,0.755,0.03906744718551636
0.179,0.758,0.012211203575134277
0.182,0.755,0.06668150424957275
0.167,0.753,0.0278489887714386
0.173,0.757,0.07796955108642578
0.166,0.757,0.07141470909118652
0.161,0.752,0.14891773462295532
0.179,0.763,0.009069651365280151
0.164,0.752,0.005877554416656494
0.170,0.755,0.00901573896408081
0.168,0.751,0.23554348945617676
0.175,0.756,0.011561483144760132
0.173,0.756,0.02610696852207184
0.162,0.758,0.13885879516601562
0.161,0.751,0.05060303211212158
0.181,0.759,0.10224225372076035
0.178,0.764,0.11138689517974854
0.167,0.757,0.08314600586891174
0.165,0.744,0.0389440655708313
0.164,0.756,0.006386280059814453
0.170,0.755,0.03716844320297241
0.168,0.754,0.09566342830657959
0.168,0.756,0.04176965355873108
0.174,0.756,0.10366818308830261
0.165,0.756,0.16552633047103882
0.176,0.759,0.019909769296646118
0.165,0.753,0.06249284744262695
0.173,0.759,0.06475257873535156
0.169,0.756,0.03543376922607422
0.170,0.755,0.0022687315940856934
0.181,0.756,0.061945319175720215
0.183,0.750,0.012370914220809937
0.178,0.751,0.0050421953201293945
0.189,0.765,0.008667528629302979
0.165,0.756,0.06161002814769745
0.185,0.765,0.07032506167888641
0.183,0.758,0.03786289691925049
0.183,0.757,0.006498575210571289
0.194,0.759,0.09609323740005493
0.195,0.763,0.09347763657569885
0.208,0.759,0.0739840567111969
0.178,0.758,0.015029579401016235
0.192,0.762,0.015105701982975006
0.183,0.757,0.13497084379196167
0.203,0.762,0.08411350846290588
0.198,0.763,0.03269970417022705
0.188,0.758,0.042788535356521606
0.186,0.757,0.18966016173362732
0.183,0.758,0.004621922969818115
0.175,0.759,0.05379388853907585
0.200,0.762,0.04582139849662781
0.194,0.764,0.003953099250793457
0.181,0.756,0.0069054365158081055
0.194,0.764,0.14748117327690125
0.203,0.763,0.06104022264480591
0.205,0.769,0.04458712786436081
0.181,0.752,0.07101452350616455
0.196,0.759,0.008695051074028015
0.208,0.764,0.05920149385929108
0.194,0.758,0.03984822332859039
0.187,0.756,0.004736125469207764
0.191,0.759,0.0065198540687561035
0.209,0.763,0.018885284662246704
0.175,0.752,0.0428585559129715
0.179,0.755,0.07160401344299316
0.190,0.761,0.012053608894348145
0.186,0.754,0.01984989643096924
0.191,0.758,0.11878332495689392
0.196,0.763,0.1282355785369873
0.205,0.766,0.014513790607452393
0.188,0.760,0.08609621226787567
0.200,0.759,0.03819277882575989
0.200,0.769,0.022524267435073853
0.193,0.763,0.02669358253479004
0.191,0.760,0.052000492811203
0.197,0.764,0.09756484627723694
0.183,0.762,0.008172839879989624
0.200,0.760,0.04331153631210327
0.181,0.758,0.07362580299377441
0.191,0.759,0.11871588230133057
0.180,0.754,0.16460025310516357
0.186,0.757,0.00960010290145874
0.190,0.760,0.03351709246635437
0.198,0.759,0.13706272840499878
0.184,0.758,0.02030094712972641
0.192,0.762,0.0042861104011535645
0.177,0.756,0.08219683170318604
0.202,0.763,0.1202995777130127
0.184,0.761,0.012286052107810974
0.180,0.757,0.19465267658233643
0.183,0.760,0.007313519716262817
0.180,0.754,0.0009930133819580078
0.178,0.756,0.10681778192520142
0.180,0.761,0.05737003684043884
0.183,0.753,0.2591131329536438
0.178,0.752,0.055483877658843994
0.187,0.764,0.152756929397583
0.193,0.761,0.015605360269546509
0.194,0.762,0.08488500118255615
0.201,0.764,0.02792447805404663
0.192,0.768,0.12841153144836426
0.198,0.763,0.08430430293083191
0.180,0.756,0.0037713050842285156
0.184,0.759,0.022334545850753784
0.200,0.765,0.010109633207321167
0.204,0.766,0.07200056314468384
0.183,0.763,0.014116525650024414
0.190,0.761,0.05088603496551514
0.181,0.756,0.0062037259340286255
0.194,0.759,0.0057540833950042725
0.195,0.758,0.05314856767654419
0.175,0.758,0.1238020658493042
0.183,0.761,0.06112748384475708
0.197,0.764,0.027484029531478882
0.180,0.756,0.009668320417404175
0.205,0.765,0.07069902867078781
0.175,0.759,0.03884702920913696
0.190,0.761,0.04397320747375488
0.192,0.762,0.06453336775302887
0.191,0.757,0.015595436096191406
0.190,0.760,0.022381067276000977
0.195,0.758,0.0006792545318603516
0.178,0.758,0.12669765949249268
0.202,0.758,0.008727476000785828
0.193,0.760,0.016081854701042175
0.177,0.759,0.26001450419425964
0.194,0.765,0.10267609357833862
0.183,0.756,0.019515514373779297
0.188,0.758,0.016359806060791016
0.182,0.761,0.014910787343978882
0.188,0.761,0.08045440912246704
0.184,0.763,0.10338377952575684
0.191,0.761,0.06609523296356201
0.194,0.762,0.020307376980781555
0.164,0.754,0.08692508935928345
0.189,0.764,0.00397104024887085
0.187,0.758,0.0941973626613617
0.170,0.757,0.08341109752655029
0.168,0.753,0.10239439457654953
0.179,0.754,0.09134495258331299
0.162,0.754,0.04981297254562378
0.180,0.757,0.011386632919311523
0.177,0.752,0.03487555682659149
0.172,0.757,0.025106608867645264
0.170,0.757,0.14520613849163055
0.175,0.757,0.04991656541824341
0.178,0.760,0.01679360866546631
0.184,0.759,0.017626523971557617
0.170,0.753,0.043353140354156494
0.169,0.753,0.07114887237548828
0.164,0.751,0.10152459144592285
0.182,0.760,0.10930149257183075
0.167,0.754,0.004972472786903381
0.167,0.759,0.0004411935806274414
0.168,0.757,0.046093106269836426
0.175,0.761,0.01854771375656128
0.174,0.755,0.1376340389251709
0.170,0.759,0.07783317565917969
0.177,0.759,0.13955283164978027
0.174,0.752,0.048812299966812134
0.160,0.752,0.16798973083496094
0.162,0.757,0.0002422928810119629
0.174,0.763,0.06659993529319763
0.169,0.756,0.03639233112335205
0.173,0.750,0.05048578977584839
0.180,0.758,0.07952289283275604
0.181,0.761,0.05611765384674072
0.181,0.763,0.010753512382507324
0.180,0.760,0.058919310569763184
0.156,0.753,0.03599649667739868
0.169,0.755,0.0240887850522995
0.164,0.753,0.008323103189468384
0.172,0.757,0.11463314294815063
0.182,0.759,0.024171173572540283
0.174,0.759,0.05983686447143555
0.171,0.756,0.21303993463516235
0.163,0.757,0.021759867668151855
0.164,0.756,0.019197292625904083
0.180,0.757,0.004233896732330322
0.164,0.752,0.006455123424530029
0.165,0.751,0.1303114891052246
0.176,0.758,0.028027772903442383
0.187,0.759,0.04350680112838745
0.175,0.752,0.025903955101966858
0.178,0.760,0.03154999017715454
0.173,0.755,0.027801424264907837
0.183,0.759,0.005356848239898682
0.185,0.759,0.07313072681427002
0.169,0.756,0.010942459106445312
0.171,0.753,0.14100414514541626
0.176,0.755,0.009596526622772217
0.184,0.761,0.004510790109634399
0.179,0.761,0.08030569553375244
0.163,0.755,0.011492639780044556
0.162,0.757,0.012852951884269714
0.194,0.761,0.07225732505321503
0.165,0.755,0.009492874145507812
0.164,0.751,0.04684042930603027
0.172,0.760,0.03741053491830826
0.173,0.762,0.15948086977005005
0.170,0.759,0.03040897846221924
0.161,0.757,0.003669232130050659
0.170,0.760,0.004898786544799805
0.182,0.759,0.10989075899124146
0.170,0.760,0.13672412931919098
0.169,0.760,0.027177095413208008
0.159,0.751,0.10256683826446533
0.176,0.758,0.03275083005428314
0.164,0.755,0.029371678829193115
0.166,0.756,0.002027750015258789
0.163,0.750,3.3915042877197266e-05
0.165,0.755,0.043350666761398315
0.175,0.760,0.047178804874420166
0.173,0.757,0.02822825312614441
0.173,0.756,0.03286314010620117
0.177,0.754,0.023180395364761353
0.179,0.751,0.20391452312469482
0.190,0.764,0.00883311778306961
0.170,0.753,0.010488331317901611
0.176,0.759,0.007577240467071533
0.171,0.756,0.041915714740753174
0.182,0.756,0.0015723109245300293
0.173,0.756,0.05663192272186279
0.198,0.762,0.15029922127723694
0.194,0.760,0.11597400903701782
0.191,0.754,0.07575872540473938
0.194,0.758,0.02887946367263794
0.174,0.754,0.051205407828092575
0.188,0.755,0.06753033399581909
0.195,0.764,0.04677791893482208
0.195,0.760,0.022646479308605194
0.172,0.759,0.027328014373779297
0.196,0.763,0.0817282572388649
0.193,0.764,0.08788055181503296
0.178,0.751,0.04383528232574463
0.201,0.764,0.06878787279129028
0.179,0.757,0.005297303199768066
0.181,0.761,0.029823243618011475
0.178,0.752,0.029328197240829468
0.177,0.761,0.04030179977416992
0.194,0.764,0.1188734769821167
0.188,0.757,0.013345539569854736
0.177,0.761,0.005873292684555054
0.189,0.760,0.024060100317001343
0.186,0.762,0.06345683336257935
0.181,0.759,0.02171093225479126
0.183,0.756,0.006836295127868652
0.183,0.756,0.09938943386077881
0.175,0.761,0.0507718026638031
0.173,0.757,0.08616293966770172
0.169,0.757,5.805492401123047e-05
0.158,0.751,0.0009915828704833984
0.179,0.759,0.012169450521469116
0.167,0.752,0.0458868145942688
0.185,0.759,0.08032351732254028
0.181,0.756,0.07035303115844727
0.180,0.759,0.04166635870933533
0.166,0.757,0.06417137384414673
0.175,0.759,0.02131703495979309
0.183,0.758,0.005335062742233276
0.196,0.769,0.09620893001556396
0.180,0.757,0.037537604570388794
0.189,0.763,0.0071232616901397705
0.162,0.746,0.12781977653503418
0.194,0.765,0.06324881315231323
0.196,0.764,0.01684558391571045
0.187,0.758,0.027676641941070557
0.179,0.758,0.12234917283058167
0.199,0.761,0.006112158298492432
0.189,0.756,0.052360713481903076
0.191,0.753,0.026646137237548828
0.186,0.760,0.11200562119483948
0.174,0.758,0.04581409692764282
0.179,0.760,0.01688450574874878
0.178,0.760,0.09391099214553833
0.181,0.758,0.016229063272476196
0.179,0.758,0.02220398187637329
0.183,0.758,0.02890336513519287
0.187,0.754,0.007590264081954956
0.190,0.760,0.044788092374801636
0.170,0.755,0.020266830921173096
0.190,0.767,0.04703764617443085
0.178,0.754,0.01957833766937256
0.179,0.760,0.06107354164123535
0.173,0.755,0.017341643571853638
0.172,0.759,0.0551418662071228
0.167,0.751,0.0756767988204956
0.165,0.757,0.049329303205013275
0.176,0.756,0.006671011447906494
0.172,0.758,0.011928707361221313
0.174,0.756,0.007304131984710693
0.176,0.759,0.05587577819824219
0.171,0.759,0.0031047165393829346
0.175,0.758,0.03134983777999878
0.180,0.761,0.051435887813568115
0.165,0.756,0.06441497802734375
0.167,0.749,0.003978133201599121
0.174,0.762,0.0037262141704559326
0.178,0.757,0.12061884999275208
0.184,0.759,0.018446624279022217
0.176,0.759,0.06852132081985474
0.168,0.751,0.007140427827835083
0.177,0.759,0.06499850749969482
0.185,0.757,0.16501247882843018
0.180,0.759,0.1586536467075348
0.182,0.759,0.06065937876701355
0.185,0.763,0.026229828596115112
0.177,0.759,0.011215031147003174
0.181,0.758,0.018275123089551926
0.182,0.761,0.0911572277545929
0.176,0.755,0.09635025262832642
0.180,0.758,0.017375707626342773
0.192,0.763,0.09824803471565247
0.185,0.759,0.0033401548862457275
0.193,0.762,0.048339128494262695
0.192,0.763,0.029152363538742065
0.193,0.762,0.02218668907880783
0.191,0.760,0.010710269212722778
0.188,0.757,0.04474656283855438
0.187,0.759,0.11444202065467834
0.187,0.752,0.012621015310287476
0.182,0.754,0.003184705972671509
0.181,0.757,0.06343051791191101
0.178,0.754,0.07782292366027832
0.178,0.760,0.058920472860336304
0.190,0.764,0.03937560319900513
0.205,0.767,0.02741663157939911
0.188,0.757,0.03533583879470825
0.204,0.761,0.09888356924057007
0.197,0.763,0.03021007776260376
0.184,0.757,0.11305386573076248
0.195,0.763,0.146688312292099
0.208,0.768,0.02010565996170044
0.198,0.761,0.009370744228363037
0.191,0.759,0.13375315070152283
0.203,0.767,0.036917269229888916
0.198,0.763,0.08588948845863342
0.203,0.763,0.04631584882736206
0.198,0.753,0.007685661315917969
0.202,0.760,0.030475735664367676
0.202,0.759,0.13610905408859253
0.191,0.761,0.019565805792808533
0.203,0.764,0.10415828227996826
0.200,0.759,0.07493063807487488
0.210,0.758,0.031230300664901733
0.225,0.766,0.006818145513534546
0.226,0.769,0.10718642175197601
0.204,0.765,0.14007943868637085
0.193,0.761,0.14440782368183136
0.211,0.760,0.04701179265975952
0.209,0.761,0.04436174035072327
0.201,0.759,0.12720787525177002
0.205,0.766,0.06747657060623169
0.204,0.760,0.027470804750919342
0.199,0.764,0.11673974990844727
0.198,0.760,0.0439419150352478
0.200,0.760,0.1005774736404419
0.192,0.759,0.014870434999465942
0.201,0.766,0.08874613046646118
0.204,0.769,0.08692765235900879
0.197,0.763,0.04543924331665039
0.190,0.758,0.01870347559452057
0.198,0.763,0.09337431192398071
0.198,0.760,0.0671076774597168
0.176,0.751,0.05159205198287964
0.198,0.758,0.044636547565460205
0.193,0.767,0.07511407136917114
0.189,0.758,0.18029919266700745
0.182,0.761,0.006406605243682861
0.185,0.761,0.0669417530298233
0.189,0.759,0.028469860553741455
0.191,0.760,0.005436241626739502
0.195,0.758,0.047276318073272705
0.190,0.761,0.010227441787719727
0.183,0.762,0.1365121603012085
0.189,0.759,0.0017167925834655762
0.198,0.760,0.035249948501586914
0.194,0.756,0.034365952014923096
0.193,0.765,0.009247541427612305
0.191,0.765,0.06952774524688721
0.199,0.763,0.034834444522857666
0.188,0.763,0.06893622875213623
0.193,0.758,0.07145172357559204
0.189,0.759,0.06062106788158417
0.181,0.758,0.08320817351341248
0.193,0.762,0.010671675205230713
